CREATE DATABASE  IF NOT EXISTS `ghostkitchenV2` /*!40100 DEFAULT CHARACTER SET utf8 */ /*!80016 DEFAULT ENCRYPTION='N' */;
USE `ghostkitchenV2`;
-- MySQL dump 10.13  Distrib 8.0.21, for macos10.15 (x86_64)
--
-- Host: localhost    Database: ghostkitchenV2
-- ------------------------------------------------------
-- Server version	8.0.21

/*!40101 SET @OLD_CHARACTER_SET_CLIENT=@@CHARACTER_SET_CLIENT */;
/*!40101 SET @OLD_CHARACTER_SET_RESULTS=@@CHARACTER_SET_RESULTS */;
/*!40101 SET @OLD_COLLATION_CONNECTION=@@COLLATION_CONNECTION */;
/*!50503 SET NAMES utf8 */;
/*!40103 SET @OLD_TIME_ZONE=@@TIME_ZONE */;
/*!40103 SET TIME_ZONE='+00:00' */;
/*!40014 SET @OLD_UNIQUE_CHECKS=@@UNIQUE_CHECKS, UNIQUE_CHECKS=0 */;
/*!40014 SET @OLD_FOREIGN_KEY_CHECKS=@@FOREIGN_KEY_CHECKS, FOREIGN_KEY_CHECKS=0 */;
/*!40101 SET @OLD_SQL_MODE=@@SQL_MODE, SQL_MODE='NO_AUTO_VALUE_ON_ZERO' */;
/*!40111 SET @OLD_SQL_NOTES=@@SQL_NOTES, SQL_NOTES=0 */;

--
-- Table structure for table `accounting`
--

DROP TABLE IF EXISTS `accounting`;
/*!40101 SET @saved_cs_client     = @@character_set_client */;
/*!50503 SET character_set_client = utf8mb4 */;
CREATE TABLE `accounting` (
  `actID` int NOT NULL,
  `name` varchar(45) DEFAULT NULL,
  PRIMARY KEY (`actID`)
) ENGINE=InnoDB DEFAULT CHARSET=utf8;
/*!40101 SET character_set_client = @saved_cs_client */;

--
-- Dumping data for table `accounting`
--

LOCK TABLES `accounting` WRITE;
/*!40000 ALTER TABLE `accounting` DISABLE KEYS */;
INSERT INTO `accounting` VALUES (411000,'ADMINISTRATIVE SALARIES'),(412000,'FACULTY SALARIES'),(413000,'GTA, GA, GRA SALARIES'),(414000,'PROFESSIONAL/OTHER ACADEMIC SALARIES'),(415000,'SUMMER SCHOOL'),(416000,'CLER/TECH/MAINT-SALARIED'),(418000,'STUDENT EMPLOYEES'),(419000,'NON-WAGE & CONTRACTUAL PAY'),(421000,'STAFF BENEFITS-REQUIRED'),(422000,'STAFF BENEFITS-OPTIONAL'),(431000,'TRAVEL'),(432000,'MOTOR VEHICLE OPERATIONS'),(433000,'PRINTING, DUPLICATING, BINDING'),(434000,'UTILITIES AND FUEL'),(435000,'COMMUNICATION'),(436000,'MAINTENANCE AND REPAIRS'),(437000,'PROF SERV & MEMBERSHIPS'),(438000,'COMPUTER SERVICES'),(439000,'SUPPLIES'),(441000,'RENTALS - Payable'),(441500,'RENTALS - Receivable'),(442000,'INSURANCE, INTEREST & BAD DEBT'),(443000,'AWARDS'),(444000,'GRANTS AND SUBSIDIES'),(445000,'MANDATORY TRANSFERS'),(446000,'CONTRACTUAL & SPECIAL SERVICES'),(447000,'NON-MANDATORY TRANSFERS'),(448000,'SERVICE DEPARTMENT CREDITS'),(449000,'OTHER EXPENDITURES'),(450000,'hrough 459000 STORES FOR RESALE'),(460000,'MINOR EQUIPMENT NON FPA'),(461000,'EQUIPMENT'),(463000,'LIBRARY ACQUISITIONS'),(464000,'LIVESTOCK'),(466000,'SOFTWARE CAPITAL OUTLAY'),(471000,'LAND CAPITAL OUTLAY'),(472000,'BUILDINGS CAPITAL OUTLAY'),(473000,'IMPROVEMENTS OTHER THAN BLDGS');
/*!40000 ALTER TABLE `accounting` ENABLE KEYS */;
UNLOCK TABLES;

--
-- Table structure for table `adminexpense`
--

DROP TABLE IF EXISTS `adminexpense`;
/*!40101 SET @saved_cs_client     = @@character_set_client */;
/*!50503 SET character_set_client = utf8mb4 */;
CREATE TABLE `adminexpense` (
  `adminID` int NOT NULL,
  `expenseID` int DEFAULT NULL,
  `amount` float NOT NULL,
  PRIMARY KEY (`adminID`),
  KEY `expenseID_idx2` (`expenseID`),
  CONSTRAINT `expenseID2` FOREIGN KEY (`expenseID`) REFERENCES `expenses` (`expenseID`)
) ENGINE=InnoDB DEFAULT CHARSET=utf8;
/*!40101 SET character_set_client = @saved_cs_client */;

--
-- Dumping data for table `adminexpense`
--

LOCK TABLES `adminexpense` WRITE;
/*!40000 ALTER TABLE `adminexpense` DISABLE KEYS */;
INSERT INTO `adminexpense` VALUES (1,39,400000),(2,40,150000),(3,41,25000),(4,42,50000),(5,43,100000);
/*!40000 ALTER TABLE `adminexpense` ENABLE KEYS */;
UNLOCK TABLES;

--
-- Temporary view structure for view `companyinfo`
--

DROP TABLE IF EXISTS `companyinfo`;
/*!50001 DROP VIEW IF EXISTS `companyinfo`*/;
SET @saved_cs_client     = @@character_set_client;
/*!50503 SET character_set_client = utf8mb4 */;
/*!50001 CREATE VIEW `companyinfo` AS SELECT 
 1 AS `companyName`,
 1 AS `contactName`,
 1 AS `email`,
 1 AS `locName`,
 1 AS `spaceRented`,
 1 AS `LastPaymentDate`,
 1 AS `raID`*/;
SET character_set_client = @saved_cs_client;

--
-- Table structure for table `equipment`
--

DROP TABLE IF EXISTS `equipment`;
/*!40101 SET @saved_cs_client     = @@character_set_client */;
/*!50503 SET character_set_client = utf8mb4 */;
CREATE TABLE `equipment` (
  `equipID` int NOT NULL,
  `equipName` varchar(45) DEFAULT NULL,
  `qty` int DEFAULT NULL,
  `spaceID` int DEFAULT NULL,
  `expenseID` int DEFAULT NULL,
  `locID` int DEFAULT NULL,
  `costperItem` decimal(4,0) NOT NULL,
  `totalCost` float GENERATED ALWAYS AS ((`qty` * `costperItem`)) VIRTUAL,
  PRIMARY KEY (`equipID`),
  KEY `spaceID_idx` (`spaceID`),
  KEY `expenseID_idx` (`expenseID`),
  KEY `locationID_idx` (`locID`),
  CONSTRAINT `expenseID` FOREIGN KEY (`expenseID`) REFERENCES `expenses` (`expenseID`),
  CONSTRAINT `loc` FOREIGN KEY (`locID`) REFERENCES `location` (`locationID`),
  CONSTRAINT `space` FOREIGN KEY (`spaceID`) REFERENCES `spaces` (`spaceID`)
) ENGINE=InnoDB DEFAULT CHARSET=utf8;
/*!40101 SET character_set_client = @saved_cs_client */;

--
-- Dumping data for table `equipment`
--

LOCK TABLES `equipment` WRITE;
/*!40000 ALTER TABLE `equipment` DISABLE KEYS */;
INSERT INTO `equipment` (`equipID`, `equipName`, `qty`, `spaceID`, `expenseID`, `locID`, `costperItem`) VALUES (1,'Blender',2,1,6,1,50),(2,'Fridge',1,1,7,1,500),(3,'Microwabe',2,1,6,1,25),(4,'Stove',1,1,5,1,300),(5,'Mixer',3,1,6,1,20),(6,'Industrial Pots',4,1,6,1,25),(7,'Industrial Pans',4,1,6,1,25),(8,'DishWasher',1,1,4,1,200),(9,'Oven',1,1,5,1,400),(10,'Oven Hood',1,1,5,1,100),(11,'Brick Oven',1,1,5,1,300),(12,'Freezer',1,1,7,1,300),(13,'Blender',2,1,6,2,50),(14,'Fridge',1,2,7,2,500),(15,'Microwabe',2,2,6,2,25),(16,'Stove',1,2,5,2,300),(17,'Mixer',3,2,6,2,20),(18,'Industrial Pots',4,2,6,2,25),(19,'Industrial Pans',4,2,6,2,25),(20,'DishWasher',1,2,4,2,200),(21,'Oven',1,2,5,2,400),(22,'Oven Hood',1,2,5,2,100),(23,'Brick Oven',1,2,5,2,300),(24,'Freezer',1,2,7,2,300),(25,'Blender',2,2,6,3,50),(26,'Fridge',1,2,7,3,500),(27,'Microwabe',2,3,6,3,25),(28,'Stove',1,3,5,3,300),(29,'Mixer',3,3,6,3,20),(30,'Industrial Pots',4,3,6,3,25),(31,'Industrial Pans',4,3,6,3,25),(32,'DishWasher',1,3,4,3,200),(33,'Oven',1,3,5,3,400),(34,'Oven Hood',1,3,5,3,100),(35,'Brick Oven',1,3,5,3,300),(36,'Freezer',1,3,7,3,300);
/*!40000 ALTER TABLE `equipment` ENABLE KEYS */;
UNLOCK TABLES;

--
-- Table structure for table `expenses`
--

DROP TABLE IF EXISTS `expenses`;
/*!40101 SET @saved_cs_client     = @@character_set_client */;
/*!50503 SET character_set_client = utf8mb4 */;
CREATE TABLE `expenses` (
  `expenseID` int NOT NULL AUTO_INCREMENT,
  `vendorID` int DEFAULT NULL,
  `locID` int DEFAULT NULL,
  `actID` int NOT NULL,
  PRIMARY KEY (`expenseID`),
  KEY `vendorID_idx` (`vendorID`),
  KEY `actID_idx` (`actID`),
  KEY `locID_idx` (`locID`),
  CONSTRAINT `act` FOREIGN KEY (`actID`) REFERENCES `accounting` (`actID`),
  CONSTRAINT `locID` FOREIGN KEY (`locID`) REFERENCES `location` (`locationID`),
  CONSTRAINT `vendorID` FOREIGN KEY (`vendorID`) REFERENCES `vendor` (`vendorID`)
) ENGINE=InnoDB AUTO_INCREMENT=44 DEFAULT CHARSET=utf8;
/*!40101 SET character_set_client = @saved_cs_client */;

--
-- Dumping data for table `expenses`
--

LOCK TABLES `expenses` WRITE;
/*!40000 ALTER TABLE `expenses` DISABLE KEYS */;
INSERT INTO `expenses` VALUES (1,1,1,434000),(2,2,1,434000),(3,3,1,434000),(4,4,1,461000),(5,5,1,461000),(6,6,1,461000),(7,7,1,461000),(8,8,1,473000),(9,9,1,473000),(10,10,1,472000),(11,11,1,441000),(12,12,1,436000),(14,1,2,434000),(15,2,2,434000),(16,3,2,434000),(17,4,2,461000),(18,5,2,461000),(19,6,2,461000),(20,7,2,461000),(21,8,2,473000),(22,9,2,473000),(23,10,2,472000),(24,11,2,441000),(25,12,2,436000),(27,1,3,434000),(28,2,3,434000),(29,3,3,434000),(30,4,3,461000),(31,5,3,461000),(32,6,3,461000),(33,7,3,461000),(34,8,3,473000),(35,9,3,473000),(36,10,3,472000),(37,11,3,441000),(38,12,3,436000),(39,13,4,411000),(40,13,4,441000),(41,13,4,442000),(42,13,4,449000),(43,13,4,466000);
/*!40000 ALTER TABLE `expenses` ENABLE KEYS */;
UNLOCK TABLES;

--
-- Table structure for table `location`
--

DROP TABLE IF EXISTS `location`;
/*!40101 SET @saved_cs_client     = @@character_set_client */;
/*!50503 SET character_set_client = utf8mb4 */;
CREATE TABLE `location` (
  `locationID` int NOT NULL AUTO_INCREMENT,
  `locName` varchar(45) DEFAULT NULL,
  `locAddress` varchar(100) NOT NULL,
  `totalSpaces` int NOT NULL,
  PRIMARY KEY (`locationID`),
  KEY `locName` (`locName`)
) ENGINE=InnoDB AUTO_INCREMENT=5 DEFAULT CHARSET=utf8;
/*!40101 SET character_set_client = @saved_cs_client */;

--
-- Dumping data for table `location`
--

LOCK TABLES `location` WRITE;
/*!40000 ALTER TABLE `location` DISABLE KEYS */;
INSERT INTO `location` VALUES (1,'Denver','1425 Boulder Falls rd Denver',3),(2,'Reno','1568 University st Reno',3),(3,'Salt Lake','1896 Biblical Way Salt Lake City',3),(4,'Home','1628 Admin Way Denver',1);
/*!40000 ALTER TABLE `location` ENABLE KEYS */;
UNLOCK TABLES;

--
-- Table structure for table `phys_access`
--

DROP TABLE IF EXISTS `phys_access`;
/*!40101 SET @saved_cs_client     = @@character_set_client */;
/*!50503 SET character_set_client = utf8mb4 */;
CREATE TABLE `phys_access` (
  `accessID` int NOT NULL,
  `firstName` varchar(45) NOT NULL,
  `lastName` varchar(45) NOT NULL,
  `status` varchar(45) NOT NULL,
  `createDate` datetime NOT NULL,
  `deactivateDate` datetime DEFAULT NULL,
  `updateDate` datetime DEFAULT NULL,
  `locID` int NOT NULL,
  PRIMARY KEY (`accessID`),
  KEY `locationID_idx` (`locID`),
  CONSTRAINT `location` FOREIGN KEY (`locID`) REFERENCES `location` (`locationID`)
) ENGINE=InnoDB DEFAULT CHARSET=utf8;
/*!40101 SET character_set_client = @saved_cs_client */;

--
-- Dumping data for table `phys_access`
--

LOCK TABLES `phys_access` WRITE;
/*!40000 ALTER TABLE `phys_access` DISABLE KEYS */;
INSERT INTO `phys_access` VALUES (1,'Ryan','Barty','A','2020-01-01 00:00:00',NULL,'2020-01-02 00:00:00',1),(2,'Jill','Stew','T','2020-01-01 00:00:00','2020-12-31 00:00:00','2020-12-31 00:00:00',1),(3,'Mary','Luis','A','2020-01-01 00:00:00',NULL,'2020-01-04 00:00:00',2),(4,'Ben','Franklin','A','2020-01-01 00:00:00',NULL,'2020-01-05 00:00:00',2),(5,'Will','Smith','A','2020-01-01 00:00:00',NULL,'2020-01-06 00:00:00',2),(6,'Paul','Graves','T','2020-01-01 00:00:00','2020-05-05 00:00:00','2020-05-05 00:00:00',3),(7,'William','Akerman','A','2020-01-01 00:00:00',NULL,'2020-01-08 00:00:00',3),(8,'Pablo','Ruiz','A','2020-01-01 00:00:00',NULL,'2020-01-08 00:00:00',3);
/*!40000 ALTER TABLE `phys_access` ENABLE KEYS */;
UNLOCK TABLES;

--
-- Table structure for table `renter`
--

DROP TABLE IF EXISTS `renter`;
/*!40101 SET @saved_cs_client     = @@character_set_client */;
/*!50503 SET character_set_client = utf8mb4 */;
CREATE TABLE `renter` (
  `renterID` int NOT NULL AUTO_INCREMENT,
  `companyName` varchar(45) NOT NULL,
  `contactName` varchar(45) DEFAULT NULL,
  `email` varchar(45) DEFAULT NULL,
  `raID` int NOT NULL,
  `spaceID` int NOT NULL,
  PRIMARY KEY (`renterID`),
  KEY `raID_idx` (`raID`),
  KEY `spaceID_idx` (`spaceID`),
  CONSTRAINT `accountID` FOREIGN KEY (`raID`) REFERENCES `renter_account` (`raID`),
  CONSTRAINT `spacesID` FOREIGN KEY (`spaceID`) REFERENCES `spaces` (`spaceID`)
) ENGINE=InnoDB AUTO_INCREMENT=11 DEFAULT CHARSET=utf8;
/*!40101 SET character_set_client = @saved_cs_client */;

--
-- Dumping data for table `renter`
--

LOCK TABLES `renter` WRITE;
/*!40000 ALTER TABLE `renter` DISABLE KEYS */;
INSERT INTO `renter` VALUES (1,'Blue Gills','Bill Murray','BillMurray@gmail.com',1,1),(2,'Mexican Tacos','Ryan Barty','RyanBarty@gmail.com',2,2),(3,'Bills BBQ','Jill Stew','JillStew@gmail.com',3,3),(4,'Char B Que','Mary Luis','MaryLuis@gmail.com',4,4),(5,'Asian Dynasty','Ben Franklin','BenFranklin@gmail.com',5,5),(6,'Kim Paleo Palace','Will Smith','WillSmith@gmail.com',6,6),(7,'Cupcake City','Paul Graves','PaulGraves@gmail.com',7,7),(8,'Vegan Grass','William Akerman','WilliamAkerman@gmail.com',8,8),(9,'Juice etc','Pablo Ruiz','PabloRuiz@gmail.com',9,9),(10,'Big Daddy Bbq','Don Barber','donbarber@yahoo.com',9,3);
/*!40000 ALTER TABLE `renter` ENABLE KEYS */;
UNLOCK TABLES;
/*!50003 SET @saved_cs_client      = @@character_set_client */ ;
/*!50003 SET @saved_cs_results     = @@character_set_results */ ;
/*!50003 SET @saved_col_connection = @@collation_connection */ ;
/*!50003 SET character_set_client  = utf8mb4 */ ;
/*!50003 SET character_set_results = utf8mb4 */ ;
/*!50003 SET collation_connection  = utf8_general_ci */ ;
/*!50003 SET @saved_sql_mode       = @@sql_mode */ ;
/*!50003 SET sql_mode              = 'NO_AUTO_VALUE_ON_ZERO' */ ;
DELIMITER ;;
/*!50003 CREATE*/ /*!50017 DEFINER=`root`@`localhost`*/ /*!50003 TRIGGER `ProperName_Before_Insert` BEFORE INSERT ON `renter` FOR EACH ROW BEGIN
	SET NEW.companyName = proper(NEW.companyName);
    SET NEW.contactname= proper(NEW.contactName);
END */;;
DELIMITER ;
/*!50003 SET sql_mode              = @saved_sql_mode */ ;
/*!50003 SET character_set_client  = @saved_cs_client */ ;
/*!50003 SET character_set_results = @saved_cs_results */ ;
/*!50003 SET collation_connection  = @saved_col_connection */ ;

--
-- Table structure for table `renter_account`
--

DROP TABLE IF EXISTS `renter_account`;
/*!40101 SET @saved_cs_client     = @@character_set_client */;
/*!50503 SET character_set_client = utf8mb4 */;
CREATE TABLE `renter_account` (
  `raID` int NOT NULL AUTO_INCREMENT,
  `accountNum` int NOT NULL,
  `bankName` varchar(45) NOT NULL,
  `routingNumber` int NOT NULL,
  PRIMARY KEY (`raID`)
) ENGINE=InnoDB AUTO_INCREMENT=11 DEFAULT CHARSET=utf8;
/*!40101 SET character_set_client = @saved_cs_client */;

--
-- Dumping data for table `renter_account`
--

LOCK TABLES `renter_account` WRITE;
/*!40000 ALTER TABLE `renter_account` DISABLE KEYS */;
INSERT INTO `renter_account` VALUES (1,11111,'US Bank',123456789),(2,11112,'Bank Of America',123344771),(3,11113,'City Bank',121263654),(4,11114,'Charles Schwab',126698744),(5,11115,'City Bank',202558910),(6,11116,'US Bank',112658574),(7,11117,'Bank Of America',121506599),(8,11118,'First Bank',120509880),(9,11119,'First Bank',150660545),(10,99999,'Admin Acct',999999999);
/*!40000 ALTER TABLE `renter_account` ENABLE KEYS */;
UNLOCK TABLES;

--
-- Temporary view structure for view `renterbankdetails`
--

DROP TABLE IF EXISTS `renterbankdetails`;
/*!50001 DROP VIEW IF EXISTS `renterbankdetails`*/;
SET @saved_cs_client     = @@character_set_client;
/*!50503 SET character_set_client = utf8mb4 */;
/*!50001 CREATE VIEW `renterbankdetails` AS SELECT 
 1 AS `contactName`,
 1 AS `companyName`,
 1 AS `email`,
 1 AS `Location`,
 1 AS `SpaceRented`,
 1 AS `BankName`,
 1 AS `AccountNumber`,
 1 AS `RoutingNumber`*/;
SET character_set_client = @saved_cs_client;

--
-- Table structure for table `spaces`
--

DROP TABLE IF EXISTS `spaces`;
/*!40101 SET @saved_cs_client     = @@character_set_client */;
/*!50503 SET character_set_client = utf8mb4 */;
CREATE TABLE `spaces` (
  `spaceID` int NOT NULL,
  `size` varchar(45) NOT NULL,
  `cost` decimal(4,0) NOT NULL,
  `locID` int NOT NULL,
  PRIMARY KEY (`spaceID`),
  KEY `locationID_idx` (`locID`),
  CONSTRAINT `locationID` FOREIGN KEY (`locID`) REFERENCES `location` (`locationID`)
) ENGINE=InnoDB DEFAULT CHARSET=utf8;
/*!40101 SET character_set_client = @saved_cs_client */;

--
-- Dumping data for table `spaces`
--

LOCK TABLES `spaces` WRITE;
/*!40000 ALTER TABLE `spaces` DISABLE KEYS */;
INSERT INTO `spaces` VALUES (1,'500',4000,1),(2,'1000',5000,1),(3,'1500',7000,1),(4,'500',2000,2),(5,'1000',3000,2),(6,'1500',5000,2),(7,'500',1000,3),(8,'1000',2000,3),(9,'1500',3000,3),(10,'2000',5500,4);
/*!40000 ALTER TABLE `spaces` ENABLE KEYS */;
UNLOCK TABLES;

--
-- Temporary view structure for view `transactiondetails`
--

DROP TABLE IF EXISTS `transactiondetails`;
/*!50001 DROP VIEW IF EXISTS `transactiondetails`*/;
SET @saved_cs_client     = @@character_set_client;
/*!50503 SET character_set_client = utf8mb4 */;
/*!50001 CREATE VIEW `transactiondetails` AS SELECT 
 1 AS `AccountID`,
 1 AS `ActName`,
 1 AS `transDate`,
 1 AS `amount`,
 1 AS `Location`,
 1 AS `SpaceRented`,
 1 AS `Contact`*/;
SET character_set_client = @saved_cs_client;

--
-- Table structure for table `transactions`
--

DROP TABLE IF EXISTS `transactions`;
/*!40101 SET @saved_cs_client     = @@character_set_client */;
/*!50503 SET character_set_client = utf8mb4 */;
CREATE TABLE `transactions` (
  `ID` int NOT NULL AUTO_INCREMENT,
  `transDate` datetime NOT NULL,
  `amount` decimal(10,2) NOT NULL,
  `spaceID` int NOT NULL,
  `actID` int DEFAULT NULL,
  `raID` int NOT NULL,
  PRIMARY KEY (`ID`),
  KEY `spaceID_idx` (`spaceID`),
  KEY `actID_idx` (`actID`),
  KEY `rent_accountID` (`raID`),
  CONSTRAINT `acctounting` FOREIGN KEY (`actID`) REFERENCES `accounting` (`actID`),
  CONSTRAINT `rent_accountID` FOREIGN KEY (`raID`) REFERENCES `renter_account` (`raID`),
  CONSTRAINT `spD` FOREIGN KEY (`spaceID`) REFERENCES `spaces` (`spaceID`)
) ENGINE=InnoDB AUTO_INCREMENT=462 DEFAULT CHARSET=utf8;
/*!40101 SET character_set_client = @saved_cs_client */;

--
-- Dumping data for table `transactions`
--

LOCK TABLES `transactions` WRITE;
/*!40000 ALTER TABLE `transactions` DISABLE KEYS */;
INSERT INTO `transactions` VALUES (1,'2018-01-01 00:00:00',4000.00,1,441500,1),(2,'2018-01-01 00:00:00',5000.00,2,441500,2),(3,'2018-01-01 00:00:00',2000.00,4,441500,4),(4,'2018-01-01 00:00:00',3000.00,5,441500,5),(5,'2018-01-01 00:00:00',5000.00,6,441500,6),(6,'2018-01-01 00:00:00',1000.00,7,441500,7),(7,'2018-01-01 00:00:00',2000.00,8,441500,8),(8,'2018-01-01 00:00:00',3000.00,9,441500,9),(9,'2018-01-01 00:00:00',79853.00,2,472000,10),(10,'2018-01-01 00:00:00',71598.00,1,472000,10),(11,'2018-01-01 00:00:00',68140.00,2,472000,10),(12,'2018-01-05 00:00:00',1573.00,10,441000,10),(13,'2018-01-10 00:00:00',7000.00,3,441500,3),(14,'2018-01-12 00:00:00',4493.00,7,473000,10),(15,'2018-01-15 00:00:00',3483.00,10,434000,10),(16,'2018-01-20 00:00:00',4885.00,10,442000,10),(17,'2018-01-30 00:00:00',2500.00,10,411000,10),(18,'2018-02-01 00:00:00',4000.00,1,441500,1),(19,'2018-02-01 00:00:00',5000.00,2,441500,2),(20,'2018-02-01 00:00:00',7000.00,3,441500,3),(21,'2018-02-01 00:00:00',3000.00,5,441500,5),(22,'2018-02-01 00:00:00',5000.00,6,441500,6),(23,'2018-02-01 00:00:00',1000.00,7,441500,7),(24,'2018-02-01 00:00:00',2000.00,8,441500,8),(25,'2018-02-01 00:00:00',3000.00,9,441500,9),(26,'2018-02-05 00:00:00',1572.00,10,441000,10),(27,'2018-02-09 00:00:00',2817.00,3,436000,10),(28,'2018-02-15 00:00:00',2000.00,4,441500,4),(29,'2018-02-15 00:00:00',3040.00,10,434000,10),(30,'2018-02-28 00:00:00',2500.00,10,411000,10),(31,'2018-03-01 00:00:00',4000.00,1,441500,1),(32,'2018-03-01 00:00:00',5000.00,2,441500,2),(33,'2018-03-01 00:00:00',7000.00,3,441500,3),(34,'2018-03-01 00:00:00',2000.00,4,441500,4),(35,'2018-03-01 00:00:00',5000.00,6,441500,6),(36,'2018-03-01 00:00:00',1000.00,7,441500,7),(37,'2018-03-01 00:00:00',2000.00,8,441500,8),(38,'2018-03-01 00:00:00',3000.00,9,441500,9),(39,'2018-03-05 00:00:00',1568.00,10,441000,10),(40,'2018-03-09 00:00:00',3000.00,5,441500,5),(41,'2018-03-15 00:00:00',2908.00,10,434000,10),(42,'2018-03-25 00:00:00',1351.00,1,436000,10),(43,'2018-03-30 00:00:00',2500.00,10,411000,10),(44,'2018-04-01 00:00:00',4000.00,1,441500,1),(45,'2018-04-01 00:00:00',5000.00,2,441500,2),(46,'2018-04-01 00:00:00',7000.00,3,441500,3),(47,'2018-04-01 00:00:00',2000.00,4,441500,4),(48,'2018-04-01 00:00:00',3000.00,5,441500,5),(49,'2018-04-01 00:00:00',5000.00,6,441500,6),(50,'2018-04-01 00:00:00',1000.00,7,441500,7),(51,'2018-04-01 00:00:00',2000.00,8,441500,8),(52,'2018-04-01 00:00:00',3000.00,9,441500,9),(53,'2018-04-05 00:00:00',1572.00,10,441000,10),(54,'2018-04-15 00:00:00',2869.00,10,434000,10),(55,'2018-04-30 00:00:00',2500.00,10,411000,10),(56,'2018-05-01 00:00:00',4000.00,1,441500,1),(57,'2018-05-01 00:00:00',5000.00,2,441500,2),(58,'2018-05-01 00:00:00',7000.00,3,441500,3),(59,'2018-05-01 00:00:00',2000.00,4,441500,4),(60,'2018-05-01 00:00:00',3000.00,5,441500,5),(61,'2018-05-01 00:00:00',5000.00,6,441500,6),(62,'2018-05-01 00:00:00',1000.00,7,441500,7),(63,'2018-05-01 00:00:00',2000.00,8,441500,8),(64,'2018-05-01 00:00:00',3000.00,9,441500,9),(65,'2018-05-05 00:00:00',1569.00,10,441000,10),(66,'2018-05-08 00:00:00',1101.00,8,436000,10),(67,'2018-05-15 00:00:00',3530.00,10,434000,10),(68,'2018-05-30 00:00:00',2500.00,10,411000,10),(69,'2018-06-01 00:00:00',4000.00,1,441500,1),(70,'2018-06-01 00:00:00',5000.00,2,441500,2),(71,'2018-06-01 00:00:00',7000.00,3,441500,3),(72,'2018-06-01 00:00:00',2000.00,4,441500,4),(73,'2018-06-01 00:00:00',3000.00,5,441500,5),(74,'2018-06-01 00:00:00',5000.00,6,441500,6),(75,'2018-06-01 00:00:00',1000.00,7,441500,7),(76,'2018-06-01 00:00:00',2000.00,8,441500,8),(77,'2018-06-01 00:00:00',3000.00,9,441500,9),(78,'2018-06-05 00:00:00',1570.00,10,441000,10),(79,'2018-06-15 00:00:00',3328.00,10,434000,10),(80,'2018-06-20 00:00:00',5107.00,10,442000,10),(81,'2018-06-21 00:00:00',2460.00,7,436000,10),(82,'2018-06-30 00:00:00',2500.00,10,411000,10),(83,'2018-07-01 00:00:00',4000.00,1,441500,1),(84,'2018-07-01 00:00:00',5000.00,2,441500,2),(85,'2018-07-01 00:00:00',7000.00,3,441500,3),(86,'2018-07-01 00:00:00',2000.00,4,441500,4),(87,'2018-07-01 00:00:00',3000.00,5,441500,5),(88,'2018-07-01 00:00:00',5000.00,6,441500,6),(89,'2018-07-01 00:00:00',1000.00,7,441500,7),(90,'2018-07-01 00:00:00',2000.00,8,441500,8),(91,'2018-07-01 00:00:00',3000.00,9,441500,9),(92,'2018-07-05 00:00:00',1569.00,10,441000,10),(93,'2018-07-06 00:00:00',878.00,7,473000,10),(94,'2018-07-15 00:00:00',2948.00,10,434000,10),(95,'2018-07-30 00:00:00',2500.00,10,411000,10),(96,'2018-08-01 00:00:00',4000.00,1,441500,1),(97,'2018-08-01 00:00:00',5000.00,2,441500,2),(98,'2018-08-01 00:00:00',7000.00,3,441500,3),(99,'2018-08-01 00:00:00',2000.00,4,441500,4),(100,'2018-08-01 00:00:00',3000.00,5,441500,5),(101,'2018-08-01 00:00:00',5000.00,6,441500,6),(102,'2018-08-01 00:00:00',1000.00,7,441500,7),(103,'2018-08-01 00:00:00',2000.00,8,441500,8),(104,'2018-08-01 00:00:00',3000.00,9,441500,9),(105,'2018-08-04 00:00:00',2865.00,6,436000,10),(106,'2018-08-05 00:00:00',1573.00,10,441000,10),(107,'2018-08-15 00:00:00',3243.00,10,434000,10),(108,'2018-08-30 00:00:00',2500.00,10,411000,10),(109,'2018-09-01 00:00:00',4000.00,1,441500,1),(110,'2018-09-01 00:00:00',5000.00,2,441500,2),(111,'2018-09-01 00:00:00',7000.00,3,441500,3),(112,'2018-09-01 00:00:00',2000.00,4,441500,4),(113,'2018-09-01 00:00:00',3000.00,5,441500,5),(114,'2018-09-01 00:00:00',5000.00,6,441500,6),(115,'2018-09-01 00:00:00',1000.00,7,441500,7),(116,'2018-09-01 00:00:00',2000.00,8,441500,8),(117,'2018-09-01 00:00:00',3000.00,9,441500,9),(118,'2018-09-05 00:00:00',1568.00,10,441000,10),(119,'2018-09-15 00:00:00',3046.00,10,434000,10),(120,'2018-09-17 00:00:00',1506.00,5,436000,10),(121,'2018-09-30 00:00:00',2500.00,10,411000,10),(122,'2018-10-01 00:00:00',4000.00,1,441500,1),(123,'2018-10-01 00:00:00',5000.00,2,441500,2),(124,'2018-10-01 00:00:00',7000.00,3,441500,3),(125,'2018-10-01 00:00:00',2000.00,4,441500,4),(126,'2018-10-01 00:00:00',3000.00,5,441500,5),(127,'2018-10-01 00:00:00',5000.00,6,441500,6),(128,'2018-10-01 00:00:00',1000.00,7,441500,7),(129,'2018-10-01 00:00:00',2000.00,8,441500,8),(130,'2018-10-01 00:00:00',3000.00,9,441500,9),(131,'2018-10-05 00:00:00',1572.00,10,441000,10),(132,'2018-10-15 00:00:00',3393.00,10,434000,10),(133,'2018-10-30 00:00:00',2500.00,10,411000,10),(134,'2018-10-31 00:00:00',2996.00,7,436000,10),(135,'2018-11-01 00:00:00',4000.00,1,441500,1),(136,'2018-11-01 00:00:00',5000.00,2,441500,2),(137,'2018-11-01 00:00:00',7000.00,3,441500,3),(138,'2018-11-01 00:00:00',2000.00,4,441500,4),(139,'2018-11-01 00:00:00',3000.00,5,441500,5),(140,'2018-11-01 00:00:00',5000.00,6,441500,6),(141,'2018-11-01 00:00:00',1000.00,7,441500,7),(142,'2018-11-01 00:00:00',2000.00,8,441500,8),(143,'2018-11-01 00:00:00',3000.00,9,441500,9),(144,'2018-11-05 00:00:00',1572.00,10,441000,10),(145,'2018-11-15 00:00:00',2934.00,10,434000,10),(146,'2018-11-30 00:00:00',2500.00,10,411000,10),(147,'2018-12-01 00:00:00',4000.00,1,441500,1),(148,'2018-12-01 00:00:00',5000.00,2,441500,2),(149,'2018-12-01 00:00:00',7000.00,3,441500,3),(150,'2018-12-01 00:00:00',2000.00,4,441500,4),(151,'2018-12-01 00:00:00',3000.00,5,441500,5),(152,'2018-12-01 00:00:00',5000.00,6,441500,6),(153,'2018-12-01 00:00:00',1000.00,7,441500,7),(154,'2018-12-01 00:00:00',2000.00,8,441500,8),(155,'2018-12-01 00:00:00',3000.00,9,441500,9),(156,'2018-12-05 00:00:00',1571.00,10,441000,10),(157,'2018-12-14 00:00:00',1760.00,8,436000,10),(158,'2018-12-15 00:00:00',3447.00,10,434000,10),(159,'2018-12-28 00:00:00',2759.00,9,473000,10),(160,'2018-12-30 00:00:00',2500.00,10,411000,10),(161,'2019-01-01 00:00:00',4000.00,1,441500,1),(162,'2019-01-01 00:00:00',5000.00,2,441500,2),(163,'2019-01-01 00:00:00',2000.00,4,441500,4),(164,'2019-01-01 00:00:00',3000.00,5,441500,5),(165,'2019-01-01 00:00:00',5000.00,6,441500,6),(166,'2019-01-01 00:00:00',1000.00,7,441500,7),(167,'2019-01-01 00:00:00',2000.00,8,441500,8),(168,'2019-01-01 00:00:00',3000.00,9,441500,9),(169,'2019-01-05 00:00:00',1573.00,10,441000,10),(170,'2019-01-10 00:00:00',7000.00,3,441500,3),(171,'2019-01-15 00:00:00',2879.00,10,434000,10),(172,'2019-01-20 00:00:00',4971.00,10,442000,10),(173,'2019-01-27 00:00:00',2803.00,7,436000,10),(174,'2019-01-30 00:00:00',2500.00,10,411000,10),(175,'2019-02-01 00:00:00',4000.00,1,441500,1),(176,'2019-02-01 00:00:00',5000.00,2,441500,2),(177,'2019-02-01 00:00:00',7000.00,3,441500,3),(178,'2019-02-01 00:00:00',3000.00,5,441500,5),(179,'2019-02-01 00:00:00',5000.00,6,441500,6),(180,'2019-02-01 00:00:00',1000.00,7,441500,7),(181,'2019-02-01 00:00:00',2000.00,8,441500,8),(182,'2019-02-01 00:00:00',3000.00,9,441500,9),(183,'2019-02-05 00:00:00',1570.00,10,441000,10),(184,'2019-02-15 00:00:00',2000.00,4,441500,4),(185,'2019-02-15 00:00:00',2869.00,10,434000,10),(186,'2019-02-28 00:00:00',2500.00,10,411000,10),(187,'2019-03-01 00:00:00',4000.00,1,441500,1),(188,'2019-03-01 00:00:00',5000.00,2,441500,2),(189,'2019-03-01 00:00:00',7000.00,3,441500,3),(190,'2019-03-01 00:00:00',2000.00,4,441500,4),(191,'2019-03-01 00:00:00',5000.00,6,441500,6),(192,'2019-03-01 00:00:00',1000.00,7,441500,7),(193,'2019-03-01 00:00:00',2000.00,8,441500,8),(194,'2019-03-01 00:00:00',3000.00,9,441500,9),(195,'2019-03-05 00:00:00',1568.00,10,441000,10),(196,'2019-03-09 00:00:00',3000.00,5,441500,5),(197,'2019-03-12 00:00:00',702.00,7,436000,10),(198,'2019-03-15 00:00:00',3065.00,10,434000,10),(199,'2019-03-30 00:00:00',2500.00,10,411000,10),(200,'2019-04-01 00:00:00',4000.00,1,441500,1),(201,'2019-04-01 00:00:00',5000.00,2,441500,2),(202,'2019-04-01 00:00:00',7000.00,3,441500,3),(203,'2019-04-01 00:00:00',2000.00,4,441500,4),(204,'2019-04-01 00:00:00',3000.00,5,441500,5),(205,'2019-04-01 00:00:00',5000.00,6,441500,6),(206,'2019-04-01 00:00:00',1000.00,7,441500,7),(207,'2019-04-01 00:00:00',2000.00,8,441500,8),(208,'2019-04-01 00:00:00',3000.00,9,441500,9),(209,'2019-04-05 00:00:00',1569.00,10,441000,10),(210,'2019-04-15 00:00:00',2993.00,10,434000,10),(211,'2019-04-25 00:00:00',2669.00,3,436000,10),(212,'2019-04-30 00:00:00',2500.00,10,411000,10),(213,'2019-05-01 00:00:00',4000.00,1,441500,1),(214,'2019-05-01 00:00:00',5000.00,2,441500,2),(215,'2019-05-01 00:00:00',7000.00,3,441500,3),(216,'2019-05-01 00:00:00',2000.00,4,441500,4),(217,'2019-05-01 00:00:00',3000.00,5,441500,5),(218,'2019-05-01 00:00:00',5000.00,6,441500,6),(219,'2019-05-01 00:00:00',1000.00,7,441500,7),(220,'2019-05-01 00:00:00',2000.00,8,441500,8),(221,'2019-05-01 00:00:00',3000.00,9,441500,9),(222,'2019-05-05 00:00:00',1571.00,10,441000,10),(223,'2019-05-15 00:00:00',3595.00,10,434000,10),(224,'2019-05-30 00:00:00',2500.00,10,411000,10),(225,'2019-06-01 00:00:00',4000.00,1,441500,1),(226,'2019-06-01 00:00:00',5000.00,2,441500,2),(227,'2019-06-01 00:00:00',7000.00,3,441500,3),(228,'2019-06-01 00:00:00',2000.00,4,441500,4),(229,'2019-06-01 00:00:00',3000.00,5,441500,5),(230,'2019-06-01 00:00:00',5000.00,6,441500,6),(231,'2019-06-01 00:00:00',1000.00,7,441500,7),(232,'2019-06-01 00:00:00',2000.00,8,441500,8),(233,'2019-06-01 00:00:00',3000.00,9,441500,9),(234,'2019-06-05 00:00:00',1572.00,10,441000,10),(235,'2019-06-08 00:00:00',2568.00,2,436000,10),(236,'2019-06-15 00:00:00',2915.00,10,434000,10),(237,'2019-06-20 00:00:00',5195.00,10,442000,10),(238,'2019-06-21 00:00:00',2407.00,5,473000,10),(239,'2019-06-30 00:00:00',2500.00,10,411000,10),(240,'2019-07-01 00:00:00',4000.00,1,441500,1),(241,'2019-07-01 00:00:00',5000.00,2,441500,2),(242,'2019-07-01 00:00:00',7000.00,3,441500,3),(243,'2019-07-01 00:00:00',2000.00,4,441500,4),(244,'2019-07-01 00:00:00',3000.00,5,441500,5),(245,'2019-07-01 00:00:00',5000.00,6,441500,6),(246,'2019-07-01 00:00:00',1000.00,7,441500,7),(247,'2019-07-01 00:00:00',2000.00,8,441500,8),(248,'2019-07-01 00:00:00',3000.00,9,441500,9),(249,'2019-07-05 00:00:00',1572.00,10,441000,10),(250,'2019-07-15 00:00:00',3239.00,10,434000,10),(251,'2019-07-22 00:00:00',2672.00,8,436000,10),(252,'2019-07-30 00:00:00',2500.00,10,411000,10),(253,'2019-08-01 00:00:00',3500.00,1,441500,1),(254,'2019-08-01 00:00:00',5000.00,2,441500,2),(255,'2019-08-01 00:00:00',7000.00,3,441500,3),(256,'2019-08-01 00:00:00',2000.00,4,441500,4),(257,'2019-08-01 00:00:00',3000.00,5,441500,5),(258,'2019-08-01 00:00:00',5000.00,6,441500,6),(259,'2019-08-01 00:00:00',1000.00,7,441500,7),(260,'2019-08-01 00:00:00',2000.00,8,441500,8),(261,'2019-08-01 00:00:00',3000.00,9,441500,9),(262,'2019-08-05 00:00:00',1569.00,10,441000,10),(263,'2019-08-15 00:00:00',3566.00,10,434000,10),(264,'2019-08-30 00:00:00',2500.00,10,411000,10),(265,'2019-09-01 00:00:00',4500.00,1,441500,1),(266,'2019-09-01 00:00:00',5000.00,2,441500,2),(267,'2019-09-01 00:00:00',7000.00,3,441500,3),(268,'2019-09-01 00:00:00',2000.00,4,441500,4),(269,'2019-09-01 00:00:00',3000.00,5,441500,5),(270,'2019-09-01 00:00:00',5000.00,6,441500,6),(271,'2019-09-01 00:00:00',1000.00,7,441500,7),(272,'2019-09-01 00:00:00',2000.00,8,441500,8),(273,'2019-09-01 00:00:00',3000.00,9,441500,9),(274,'2019-09-04 00:00:00',2378.00,9,436000,10),(275,'2019-09-05 00:00:00',1573.00,10,441000,10),(276,'2019-09-15 00:00:00',3501.00,10,434000,10),(277,'2019-09-30 00:00:00',2500.00,10,411000,10),(278,'2019-10-01 00:00:00',4000.00,1,441500,1),(279,'2019-10-01 00:00:00',5000.00,2,441500,2),(280,'2019-10-01 00:00:00',7000.00,3,441500,3),(281,'2019-10-01 00:00:00',2000.00,4,441500,4),(282,'2019-10-01 00:00:00',3000.00,5,441500,5),(283,'2019-10-01 00:00:00',5000.00,6,441500,6),(284,'2019-10-01 00:00:00',1000.00,7,441500,7),(285,'2019-10-01 00:00:00',2000.00,8,441500,8),(286,'2019-10-01 00:00:00',3000.00,9,441500,9),(287,'2019-10-05 00:00:00',1569.00,10,441000,10),(288,'2019-10-15 00:00:00',3217.00,10,434000,10),(289,'2019-10-18 00:00:00',1417.00,8,436000,10),(290,'2019-10-30 00:00:00',2500.00,10,411000,10),(291,'2019-11-01 00:00:00',4000.00,1,441500,1),(292,'2019-11-01 00:00:00',5000.00,2,441500,2),(293,'2019-11-01 00:00:00',7000.00,3,441500,3),(294,'2019-11-01 00:00:00',2000.00,4,441500,4),(295,'2019-11-01 00:00:00',3000.00,5,441500,5),(296,'2019-11-01 00:00:00',5000.00,6,441500,6),(297,'2019-11-01 00:00:00',1000.00,7,441500,7),(298,'2019-11-01 00:00:00',2000.00,8,441500,8),(299,'2019-11-01 00:00:00',3000.00,9,441500,9),(300,'2019-11-05 00:00:00',1573.00,10,441000,10),(301,'2019-11-15 00:00:00',3124.00,10,434000,10),(302,'2019-11-30 00:00:00',2500.00,10,411000,10),(303,'2019-12-01 00:00:00',4000.00,1,441500,1),(304,'2019-12-01 00:00:00',5000.00,2,441500,2),(305,'2019-12-01 00:00:00',7000.00,3,441500,3),(306,'2019-12-01 00:00:00',2000.00,4,441500,4),(307,'2019-12-01 00:00:00',3000.00,5,441500,5),(308,'2019-12-01 00:00:00',5000.00,6,441500,6),(309,'2019-12-01 00:00:00',1000.00,7,441500,7),(310,'2019-12-01 00:00:00',2000.00,8,441500,8),(311,'2019-12-01 00:00:00',3000.00,9,441500,9),(312,'2019-12-01 00:00:00',3168.00,4,436000,10),(313,'2019-12-05 00:00:00',1570.00,10,441000,10),(314,'2019-12-13 00:00:00',3094.00,5,473000,10),(315,'2019-12-15 00:00:00',3613.00,10,434000,10),(316,'2019-12-30 00:00:00',2500.00,10,411000,10),(317,'2020-01-01 00:00:00',4000.00,1,441500,1),(318,'2020-01-01 00:00:00',5000.00,2,441500,2),(319,'2020-01-01 00:00:00',7000.00,3,441500,3),(320,'2020-01-01 00:00:00',3000.00,5,441500,5),(321,'2020-01-01 00:00:00',5000.00,6,441500,6),(322,'2020-01-01 00:00:00',1000.00,7,441500,7),(323,'2020-01-01 00:00:00',2000.00,8,441500,8),(324,'2020-01-01 00:00:00',3000.00,9,441500,9),(325,'2020-01-01 00:00:00',5000.00,10,466000,10),(326,'2020-01-05 00:00:00',1570.00,10,441000,10),(327,'2020-01-10 00:00:00',2000.00,4,441500,4),(328,'2020-01-15 00:00:00',3166.00,10,434000,10),(329,'2020-01-20 00:00:00',4950.00,10,442000,10),(330,'2020-01-30 00:00:00',2500.00,10,411000,10),(331,'2020-02-01 00:00:00',4000.00,1,441500,1),(332,'2020-02-01 00:00:00',5000.00,2,441500,2),(333,'2020-02-01 00:00:00',7000.00,3,441500,3),(334,'2020-02-01 00:00:00',3000.00,5,441500,5),(335,'2020-02-01 00:00:00',5000.00,6,441500,6),(336,'2020-02-01 00:00:00',1000.00,7,441500,7),(337,'2020-02-01 00:00:00',2000.00,8,441500,8),(338,'2020-02-01 00:00:00',3000.00,9,441500,9),(339,'2020-02-03 00:00:00',2801.00,6,436000,10),(340,'2020-02-05 00:00:00',2000.00,4,441500,4),(341,'2020-02-05 00:00:00',1568.00,10,441000,10),(342,'2020-02-15 00:00:00',3206.00,10,434000,10),(343,'2020-02-28 00:00:00',2500.00,10,411000,10),(344,'2020-03-01 00:00:00',4000.00,1,441500,1),(345,'2020-03-01 00:00:00',5000.00,2,441500,2),(346,'2020-03-01 00:00:00',7000.00,3,441500,3),(347,'2020-03-01 00:00:00',2000.00,4,441500,4),(348,'2020-03-01 00:00:00',3000.00,5,441500,5),(349,'2020-03-01 00:00:00',5000.00,6,441500,6),(350,'2020-03-01 00:00:00',1000.00,7,441500,7),(351,'2020-03-01 00:00:00',2000.00,8,441500,8),(352,'2020-03-01 00:00:00',3000.00,9,441500,9),(353,'2020-03-05 00:00:00',1569.00,10,441000,10),(354,'2020-03-15 00:00:00',3308.00,10,434000,10),(355,'2020-03-30 00:00:00',2500.00,10,411000,10),(356,'2020-04-01 00:00:00',4000.00,1,441500,1),(357,'2020-04-01 00:00:00',5000.00,2,441500,2),(358,'2020-04-01 00:00:00',7000.00,3,441500,3),(359,'2020-04-01 00:00:00',2000.00,4,441500,4),(360,'2020-04-01 00:00:00',3000.00,5,441500,5),(361,'2020-04-01 00:00:00',5000.00,6,441500,6),(362,'2020-04-01 00:00:00',1000.00,7,441500,7),(363,'2020-04-01 00:00:00',2000.00,8,441500,8),(364,'2020-04-01 00:00:00',3000.00,9,441500,9),(365,'2020-04-08 00:00:00',1874.00,5,436000,10),(366,'2020-04-15 00:00:00',3415.00,10,434000,10),(367,'2020-04-30 00:00:00',2500.00,10,411000,10),(368,'2020-05-01 00:00:00',4000.00,1,441500,1),(369,'2020-05-01 00:00:00',5000.00,2,441500,2),(370,'2020-05-01 00:00:00',7000.00,3,441500,3),(371,'2020-05-01 00:00:00',2000.00,4,441500,4),(372,'2020-05-01 00:00:00',3000.00,5,441500,5),(373,'2020-05-01 00:00:00',5000.00,6,441500,6),(374,'2020-05-01 00:00:00',1000.00,7,441500,7),(375,'2020-05-01 00:00:00',2000.00,8,441500,8),(376,'2020-05-01 00:00:00',3000.00,9,441500,9),(377,'2020-05-15 00:00:00',3069.00,10,434000,10),(378,'2020-05-30 00:00:00',2500.00,10,411000,10),(379,'2020-06-01 00:00:00',4000.00,1,441500,1),(380,'2020-06-01 00:00:00',5000.00,2,441500,2),(381,'2020-06-01 00:00:00',7000.00,3,441500,3),(382,'2020-06-01 00:00:00',2000.00,4,441500,4),(383,'2020-06-01 00:00:00',3000.00,5,441500,5),(384,'2020-06-01 00:00:00',5000.00,6,441500,6),(385,'2020-06-01 00:00:00',1000.00,7,441500,7),(386,'2020-06-01 00:00:00',2000.00,8,441500,8),(387,'2020-06-01 00:00:00',3000.00,9,441500,9),(388,'2020-06-05 00:00:00',4546.00,8,473000,10),(389,'2020-06-12 00:00:00',1169.00,3,436000,10),(390,'2020-06-15 00:00:00',3533.00,10,434000,10),(391,'2020-06-20 00:00:00',4875.00,10,442000,10),(392,'2020-06-30 00:00:00',2500.00,10,411000,10),(393,'2020-07-01 00:00:00',4000.00,1,441500,1),(394,'2020-07-01 00:00:00',5000.00,2,441500,2),(395,'2020-07-01 00:00:00',7000.00,3,441500,3),(396,'2020-07-01 00:00:00',2000.00,4,441500,4),(397,'2020-07-01 00:00:00',3000.00,5,441500,5),(398,'2020-07-01 00:00:00',5000.00,6,441500,6),(399,'2020-07-01 00:00:00',1000.00,7,441500,7),(400,'2020-07-01 00:00:00',2000.00,8,441500,8),(401,'2020-07-01 00:00:00',3000.00,9,441500,9),(402,'2020-07-15 00:00:00',3283.00,10,434000,10),(403,'2020-07-30 00:00:00',2500.00,10,411000,10),(404,'2020-08-01 00:00:00',4000.00,1,441500,1),(405,'2020-08-01 00:00:00',5000.00,2,441500,2),(406,'2020-08-01 00:00:00',7000.00,3,441500,3),(407,'2020-08-01 00:00:00',2000.00,4,441500,4),(408,'2020-08-01 00:00:00',3000.00,5,441500,5),(409,'2020-08-01 00:00:00',5000.00,6,441500,6),(410,'2020-08-01 00:00:00',1000.00,7,441500,7),(411,'2020-08-01 00:00:00',2000.00,8,441500,8),(412,'2020-08-01 00:00:00',3000.00,9,441500,9),(413,'2020-08-15 00:00:00',2995.00,10,434000,10),(414,'2020-08-16 00:00:00',2820.00,2,436000,10),(415,'2020-08-30 00:00:00',2500.00,10,411000,10),(416,'2020-09-01 00:00:00',4000.00,1,441500,1),(417,'2020-09-01 00:00:00',5000.00,2,441500,2),(418,'2020-09-01 00:00:00',7000.00,3,441500,3),(419,'2020-09-01 00:00:00',2000.00,4,441500,4),(420,'2020-09-01 00:00:00',3000.00,5,441500,5),(421,'2020-09-01 00:00:00',5000.00,6,441500,6),(422,'2020-09-01 00:00:00',1000.00,7,441500,7),(423,'2020-09-01 00:00:00',2000.00,8,441500,8),(424,'2020-09-01 00:00:00',3000.00,9,441500,9),(425,'2020-09-15 00:00:00',2922.00,10,434000,10),(426,'2020-09-30 00:00:00',2500.00,10,411000,10),(427,'2020-10-01 00:00:00',4000.00,1,441500,1),(428,'2020-10-01 00:00:00',5000.00,2,441500,2),(429,'2020-10-01 00:00:00',7000.00,3,441500,3),(430,'2020-10-01 00:00:00',2000.00,4,441500,4),(431,'2020-10-01 00:00:00',3000.00,5,441500,5),(432,'2020-10-01 00:00:00',5000.00,6,441500,6),(433,'2020-10-01 00:00:00',1000.00,7,441500,7),(434,'2020-10-01 00:00:00',2000.00,8,441500,8),(435,'2020-10-01 00:00:00',3000.00,9,441500,9),(436,'2020-10-15 00:00:00',3298.00,10,434000,10),(437,'2020-10-20 00:00:00',1000.00,5,436000,10),(438,'2020-10-30 00:00:00',2500.00,10,411000,10),(439,'2020-11-01 00:00:00',4000.00,1,441500,1),(440,'2020-11-01 00:00:00',5000.00,2,441500,2),(441,'2020-11-01 00:00:00',7000.00,3,441500,3),(442,'2020-11-01 00:00:00',2000.00,4,441500,4),(443,'2020-11-01 00:00:00',3000.00,5,441500,5),(444,'2020-11-01 00:00:00',5000.00,6,441500,6),(445,'2020-11-01 00:00:00',1000.00,7,441500,7),(446,'2020-11-01 00:00:00',1500.00,8,441500,8),(447,'2020-11-01 00:00:00',3000.00,9,441500,9),(448,'2020-11-15 00:00:00',3354.00,10,434000,10),(449,'2020-11-27 00:00:00',2211.00,6,473000,10),(450,'2020-11-30 00:00:00',2500.00,10,411000,10),(451,'2020-12-01 00:00:00',4000.00,1,441500,1),(452,'2020-12-01 00:00:00',5000.00,2,441500,2),(453,'2020-12-01 00:00:00',7000.00,3,441500,3),(454,'2020-12-01 00:00:00',2000.00,4,441500,4),(455,'2020-12-01 00:00:00',3000.00,5,441500,5),(456,'2020-12-01 00:00:00',5000.00,6,441500,6),(457,'2020-12-01 00:00:00',1000.00,7,441500,7),(458,'2020-12-01 00:00:00',2000.00,8,441500,8),(459,'2020-12-01 00:00:00',3000.00,9,441500,9),(460,'2020-12-15 00:00:00',3261.00,10,434000,10),(461,'2020-12-30 00:00:00',2500.00,10,411000,10);
/*!40000 ALTER TABLE `transactions` ENABLE KEYS */;
UNLOCK TABLES;

--
-- Table structure for table `vendor`
--

DROP TABLE IF EXISTS `vendor`;
/*!40101 SET @saved_cs_client     = @@character_set_client */;
/*!50503 SET character_set_client = utf8mb4 */;
CREATE TABLE `vendor` (
  `vendorID` int NOT NULL,
  `vendName` varchar(45) DEFAULT NULL,
  `venContact` varchar(45) DEFAULT NULL,
  `vendAddress` varchar(45) DEFAULT NULL,
  PRIMARY KEY (`vendorID`)
) ENGINE=InnoDB DEFAULT CHARSET=utf8;
/*!40101 SET character_set_client = @saved_cs_client */;

--
-- Dumping data for table `vendor`
--

LOCK TABLES `vendor` WRITE;
/*!40000 ALTER TABLE `vendor` DISABLE KEYS */;
INSERT INTO `vendor` VALUES (1,'Power Company','Bill Avery','1234 Hill Way Denver, CO'),(2,'Water Company','Jane Doe','1565 University st Denver, CO'),(3,'Gas Company','Hillary Shiv','1651 Franklin Place Reno, NV'),(4,'DishWasher Suppliers','Ben Dear','4516 Truckee Ave Reno, NV'),(5,'Stove Tops Inc','Mike McCarth','5165 Mountain way Reno, NV'),(6,'KitchenAid','Ian Low','4554 Montanta st Salt Lake City, UT'),(7,'Frigid Air','Steven Miller','4695 Prime st Salt Lake City, UT'),(8,'The Safety Company','Lebron Martin','5654 MLK st Denver, CO'),(9,'Secruity Systems Inc','Stew Avery','4654 Tree st Denver, CO'),(10,'Real Estate R US','Kim Dorn','4565 Hill Top st Salt Lake City, UT'),(11,'Realtors Unlimited','Chase Row','5616 Balast dr, Reno, NV'),(12,'The Construction Company','Lacy Tow','5659 Martin st, Denver, CO'),(13,'The Ghost Kitchen','Group','5055 Boulder st Boulder, CO');
/*!40000 ALTER TABLE `vendor` ENABLE KEYS */;
UNLOCK TABLES;

--
-- Dumping routines for database 'ghostkitchenV2'
--
/*!50003 DROP FUNCTION IF EXISTS `FullName` */;
/*!50003 SET @saved_cs_client      = @@character_set_client */ ;
/*!50003 SET @saved_cs_results     = @@character_set_results */ ;
/*!50003 SET @saved_col_connection = @@collation_connection */ ;
/*!50003 SET character_set_client  = utf8mb4 */ ;
/*!50003 SET character_set_results = utf8mb4 */ ;
/*!50003 SET collation_connection  = utf8_general_ci */ ;
/*!50003 SET @saved_sql_mode       = @@sql_mode */ ;
/*!50003 SET sql_mode              = 'NO_AUTO_VALUE_ON_ZERO' */ ;
DELIMITER ;;
CREATE DEFINER=`root`@`localhost` FUNCTION `FullName`(firstName varchar(50), lastName varchar(50)) RETURNS varchar(100) CHARSET utf8
    DETERMINISTIC
BEGIN
RETURN
concat(firstname,' ',lastName);
END ;;
DELIMITER ;
/*!50003 SET sql_mode              = @saved_sql_mode */ ;
/*!50003 SET character_set_client  = @saved_cs_client */ ;
/*!50003 SET character_set_results = @saved_cs_results */ ;
/*!50003 SET collation_connection  = @saved_col_connection */ ;
/*!50003 DROP FUNCTION IF EXISTS `IsPaymentLate` */;
/*!50003 SET @saved_cs_client      = @@character_set_client */ ;
/*!50003 SET @saved_cs_results     = @@character_set_results */ ;
/*!50003 SET @saved_col_connection = @@collation_connection */ ;
/*!50003 SET character_set_client  = utf8mb4 */ ;
/*!50003 SET character_set_results = utf8mb4 */ ;
/*!50003 SET collation_connection  = utf8_general_ci */ ;
/*!50003 SET @saved_sql_mode       = @@sql_mode */ ;
/*!50003 SET sql_mode              = 'NO_AUTO_VALUE_ON_ZERO' */ ;
DELIMITER ;;
CREATE DEFINER=`root`@`localhost` FUNCTION `IsPaymentLate`(paydate datetime) RETURNS varchar(30) CHARSET utf8
    DETERMINISTIC
BEGIN
DECLARE isLate varchar(30);
CASE
	WHEN DAY(paydate)=1 THEN SET isLate = 'On-Time';
    WHEN DAY(paydate)>3 AND DAY(paydate) <=10 THEN SET isLate='Late';
	ELSE SET islate='Too Late, Terminate Access';
    END CASE;
RETURN(isLate);
END ;;
DELIMITER ;
/*!50003 SET sql_mode              = @saved_sql_mode */ ;
/*!50003 SET character_set_client  = @saved_cs_client */ ;
/*!50003 SET character_set_results = @saved_cs_results */ ;
/*!50003 SET collation_connection  = @saved_col_connection */ ;
/*!50003 DROP FUNCTION IF EXISTS `proper` */;
/*!50003 SET @saved_cs_client      = @@character_set_client */ ;
/*!50003 SET @saved_cs_results     = @@character_set_results */ ;
/*!50003 SET @saved_col_connection = @@collation_connection */ ;
/*!50003 SET character_set_client  = utf8mb4 */ ;
/*!50003 SET character_set_results = utf8mb4 */ ;
/*!50003 SET collation_connection  = utf8_general_ci */ ;
/*!50003 SET @saved_sql_mode       = @@sql_mode */ ;
/*!50003 SET sql_mode              = 'NO_AUTO_VALUE_ON_ZERO' */ ;
DELIMITER ;;
CREATE DEFINER=`root`@`localhost` FUNCTION `proper`( str VARCHAR(128) ) RETURNS varchar(128) CHARSET utf8
    DETERMINISTIC
BEGIN
DECLARE c CHAR(1);
DECLARE s VARCHAR(128);
DECLARE i INT DEFAULT 1;
DECLARE bool INT DEFAULT 1;
DECLARE punct CHAR(17) DEFAULT ' ()[]{},.-_!@;:?/';
	SET s = LCASE( str );
	WHILE i <= LENGTH( str ) DO   
    BEGIN
		SET c = SUBSTRING( s, i, 1 );
		IF LOCATE( c, punct ) > 0 THEN SET bool = 1;
		ELSEIF bool=1 THEN
	BEGIN
		IF c >= 'a' AND c <= 'z' THEN
	BEGIN
		SET s = CONCAT(LEFT(s,i-1),UCASE(c),SUBSTRING(s,i+1));
		SET bool = 0;
	END;
		ELSEIF c >= '0' AND c <= '9' THEN SET bool = 0;
	END IF;
	END;
	END IF;
		SET i = i+1;
	END;
	END WHILE;
RETURN s;
END ;;
DELIMITER ;
/*!50003 SET sql_mode              = @saved_sql_mode */ ;
/*!50003 SET character_set_client  = @saved_cs_client */ ;
/*!50003 SET character_set_results = @saved_cs_results */ ;
/*!50003 SET collation_connection  = @saved_col_connection */ ;
/*!50003 DROP PROCEDURE IF EXISTS `CompanyInfo` */;
/*!50003 SET @saved_cs_client      = @@character_set_client */ ;
/*!50003 SET @saved_cs_results     = @@character_set_results */ ;
/*!50003 SET @saved_col_connection = @@collation_connection */ ;
/*!50003 SET character_set_client  = utf8mb4 */ ;
/*!50003 SET character_set_results = utf8mb4 */ ;
/*!50003 SET collation_connection  = utf8_general_ci */ ;
/*!50003 SET @saved_sql_mode       = @@sql_mode */ ;
/*!50003 SET sql_mode              = 'NO_AUTO_VALUE_ON_ZERO' */ ;
DELIMITER ;;
CREATE DEFINER=`root`@`localhost` PROCEDURE `CompanyInfo`(IN coName varchar(50), OUT cName varchar(50), OUT mail varchar(100),OUT lName varchar(30),lspace INT,payDate DATETIME)
BEGIN
		SET cName=(Select DISTINCT(contactName) FROM CompanyInfo
							WHERE coName=companyName);
		SET mail=(SELECT email FROM CompanyInfo
							WHERE coName=companyName);
		SET lName=(SELECT locName FROM CompanyInfo
							WHERE coName=companyName);
		SET lspace=(SELECT spaceRented FROM CompanyInfo
							WHERE coName=companyName);
		SET payDate=(SELECT LastpaymentDate FROM CompanyInfo
							WHERE coName=companyName);
	
	END ;;
DELIMITER ;
/*!50003 SET sql_mode              = @saved_sql_mode */ ;
/*!50003 SET character_set_client  = @saved_cs_client */ ;
/*!50003 SET character_set_results = @saved_cs_results */ ;
/*!50003 SET collation_connection  = @saved_col_connection */ ;

--
-- Final view structure for view `companyinfo`
--

/*!50001 DROP VIEW IF EXISTS `companyinfo`*/;
/*!50001 SET @saved_cs_client          = @@character_set_client */;
/*!50001 SET @saved_cs_results         = @@character_set_results */;
/*!50001 SET @saved_col_connection     = @@collation_connection */;
/*!50001 SET character_set_client      = utf8mb4 */;
/*!50001 SET character_set_results     = utf8mb4 */;
/*!50001 SET collation_connection      = utf8_general_ci */;
/*!50001 CREATE ALGORITHM=UNDEFINED */
/*!50013 DEFINER=`root`@`localhost` SQL SECURITY DEFINER */
/*!50001 VIEW `companyinfo` AS select `r`.`companyName` AS `companyName`,`r`.`contactName` AS `contactName`,`r`.`email` AS `email`,`l`.`locName` AS `locName`,`t`.`spaceID` AS `spaceRented`,(select max(`transactions`.`transDate`) from `transactions` where (`transactions`.`actID` = 441500)) AS `LastPaymentDate`,`r`.`raID` AS `raID` from ((((`phys_access` `p` left join `location` `l` on((`p`.`locID` = `l`.`locationID`))) left join `spaces` `s` on((`l`.`locationID` = `s`.`locID`))) left join `renter` `r` on((`s`.`spaceID` = `r`.`spaceID`))) left join `transactions` `t` on((`r`.`raID` = `t`.`raID`))) group by `r`.`companyName`,`r`.`contactName`,`r`.`email`,`l`.`locName`,`t`.`spaceID`,`r`.`raID` */;
/*!50001 SET character_set_client      = @saved_cs_client */;
/*!50001 SET character_set_results     = @saved_cs_results */;
/*!50001 SET collation_connection      = @saved_col_connection */;

--
-- Final view structure for view `renterbankdetails`
--

/*!50001 DROP VIEW IF EXISTS `renterbankdetails`*/;
/*!50001 SET @saved_cs_client          = @@character_set_client */;
/*!50001 SET @saved_cs_results         = @@character_set_results */;
/*!50001 SET @saved_col_connection     = @@collation_connection */;
/*!50001 SET character_set_client      = utf8mb4 */;
/*!50001 SET character_set_results     = utf8mb4 */;
/*!50001 SET collation_connection      = utf8mb4_0900_ai_ci */;
/*!50001 CREATE ALGORITHM=UNDEFINED */
/*!50013 DEFINER=`root`@`localhost` SQL SECURITY DEFINER */
/*!50001 VIEW `renterbankdetails` AS select `renter`.`contactName` AS `contactName`,`renter`.`companyName` AS `companyName`,`renter`.`email` AS `email`,`l`.`locName` AS `Location`,`renter`.`spaceID` AS `SpaceRented`,`renter_account`.`bankName` AS `BankName`,`renter_account`.`accountNum` AS `AccountNumber`,`renter_account`.`routingNumber` AS `RoutingNumber` from (((`renter` join `renter_account` on((`renter`.`raID` = `renter_account`.`raID`))) join `spaces` `s` on((`renter`.`spaceID` = `s`.`spaceID`))) join `location` `l` on((`s`.`locID` = `l`.`locationID`))) */;
/*!50001 SET character_set_client      = @saved_cs_client */;
/*!50001 SET character_set_results     = @saved_cs_results */;
/*!50001 SET collation_connection      = @saved_col_connection */;

--
-- Final view structure for view `transactiondetails`
--

/*!50001 DROP VIEW IF EXISTS `transactiondetails`*/;
/*!50001 SET @saved_cs_client          = @@character_set_client */;
/*!50001 SET @saved_cs_results         = @@character_set_results */;
/*!50001 SET @saved_col_connection     = @@collation_connection */;
/*!50001 SET character_set_client      = utf8mb4 */;
/*!50001 SET character_set_results     = utf8mb4 */;
/*!50001 SET collation_connection      = utf8mb4_0900_ai_ci */;
/*!50001 CREATE ALGORITHM=UNDEFINED */
/*!50013 DEFINER=`root`@`localhost` SQL SECURITY DEFINER */
/*!50001 VIEW `transactiondetails` AS select `transactions`.`actID` AS `AccountID`,`accounting`.`name` AS `ActName`,`transactions`.`transDate` AS `transDate`,`transactions`.`amount` AS `amount`,`l`.`locName` AS `Location`,`transactions`.`spaceID` AS `SpaceRented`,`renter`.`contactName` AS `Contact` from ((((`transactions` join `spaces` on((`transactions`.`spaceID` = `spaces`.`spaceID`))) join `location` `l` on((`l`.`locationID` = `spaces`.`locID`))) join `accounting` on((`transactions`.`actID` = `accounting`.`actID`))) join `renter` on((`transactions`.`spaceID` = `renter`.`spaceID`))) */;
/*!50001 SET character_set_client      = @saved_cs_client */;
/*!50001 SET character_set_results     = @saved_cs_results */;
/*!50001 SET collation_connection      = @saved_col_connection */;
/*!40103 SET TIME_ZONE=@OLD_TIME_ZONE */;

/*!40101 SET SQL_MODE=@OLD_SQL_MODE */;
/*!40014 SET FOREIGN_KEY_CHECKS=@OLD_FOREIGN_KEY_CHECKS */;
/*!40014 SET UNIQUE_CHECKS=@OLD_UNIQUE_CHECKS */;
/*!40101 SET CHARACTER_SET_CLIENT=@OLD_CHARACTER_SET_CLIENT */;
/*!40101 SET CHARACTER_SET_RESULTS=@OLD_CHARACTER_SET_RESULTS */;
/*!40101 SET COLLATION_CONNECTION=@OLD_COLLATION_CONNECTION */;
/*!40111 SET SQL_NOTES=@OLD_SQL_NOTES */;

-- Dump completed on 2020-12-06 18:24:22
